{"percentage":0.3,"best_cut_history":[16.33691943125246,16.33691943125246,16.33691943125246,16.33691943125246,16.33691943125246,16.33691943125246,16.33691943125246,16.33691943125246,16.33691943125246,16.33691943125246,16.33691943125246,16.33691943125246,16.33691943125246,16.33691943125246,16.33691943125246,16.33691943125246,16.33691943125246,16.33691943125246,16.33691943125246,16.33691943125246,16.33691943125246,16.33691943125246,16.33691943125246,16.33691943125246,16.33691943125246,16.33691943125246,16.33691943125246,16.33691943125246,16.33691943125246,16.33691943125246],"angle_conv":1.0e-6,"sweeps_per_attempt":80,"optimal_cut":15.71175748217124,"N":22,"λ_sweep":0.8,"k":3,"attempts":30,"weighted":true,"best_cut":16.33691943125246,"seed":800,"best_angles":[1.5707963267948966,0.0,1.5707963267948966,0.0,1.5707963267948966,1.5707963267948966,0.0,1.5707963267948966,1.5707963267948966,1.5707963267948966,0.0,1.5707963267948966,0.0,0.0,0.0,1.5707963267948966,0.0,1.5707963267948966,0.0,0.0,0.0,1.5707963267948966]}